Reservations,DayRentValue,CarPhotoURL,City,Region,Doors,Model,CarNo,MemberNo,Gear,BookingDiscount,WeekRentValue,Cylinders,Seats,MobileSalesMan,MemberName,WD,Passengers,MonthRentValue,CarKey,Milage,CarName
"[{'ReservationKey': 0, 'CarKey': 91053, 'CustomerName': 'Running Contract, 15864', 'CustomerMobile': None, 'ReservationStatus': 0, 'ReservationDateTime': None, 'FromDateTime': '8/1/2024 9:16:00 PM', 'ToDateTime': '8/3/2024 9:16:00 PM', 'DayRentValue': 0.0, 'Documents': None}]",100.0,,DUBAI ,DUBAI ,4,2023,14104,2760,-1,0.0,630.0,4,2,97142885205,GOLDEN KEY RENT CAR L.L.C.,2,5,2400.0,91053,37810,AUDI A3
,100.0,,DUBAI ,DUBAI ,4,2023,18724,2760,-1,0.0,630.0,4,2,97142885205,GOLDEN KEY RENT CAR L.L.C.,2,5,2400.0,71273,45678,AUDI A3
,100.0,,DUBAI ,DUBAI ,4,2023,78095,2760,-1,0.0,630.0,4,2,97142885205,GOLDEN KEY RENT CAR L.L.C.,2,5,2400.0,88876,53870,AUDI A3
"[{'ReservationKey': 0, 'CarKey': 88887, 'CustomerName': 'Running Contract, 15874', 'CustomerMobile': None, 'ReservationStatus': 0, 'ReservationDateTime': None, 'FromDateTime': '8/2/2024 11:28:00 AM', 'ToDateTime': '8/5/2024 11:28:00 AM', 'DayRentValue': 0.0, 'Documents': None}]",100.0,,DUBAI ,DUBAI ,4,2023,78098,2760,-1,0.0,630.0,4,2,97142885205,GOLDEN KEY RENT CAR L.L.C.,2,5,2400.0,88887,43813,AUDI A3
"[{'ReservationKey': 0, 'CarKey': 88889, 'CustomerName': 'Running Contract, 15824', 'CustomerMobile': None, 'ReservationStatus': 0, 'ReservationDateTime': None, 'FromDateTime': '7/31/2024 9:34:00 PM', 'ToDateTime': '8/3/2024 9:34:00 PM', 'DayRentValue': 0.0, 'Documents': None}]",100.0,,DUBAI ,DUBAI ,4,2023,78099,2760,-1,0.0,630.0,4,2,97142885205,GOLDEN KEY RENT CAR L.L.C.,2,5,2400.0,88889,47015,AUDI A3
"[{'ReservationKey': 0, 'CarKey': 88886, 'CustomerName': 'Running Contract, 15806', 'CustomerMobile': None, 'ReservationStatus': 0, 'ReservationDateTime': None, 'FromDateTime': '7/31/2024 12:47:00 PM', 'ToDateTime': '8/5/2024 12:47:00 PM', 'DayRentValue': 0.0, 'Documents': None}]",100.0,,DUBAI ,DUBAI ,4,2023,78106,2760,-1,0.0,630.0,4,2,97142885205,GOLDEN KEY RENT CAR L.L.C.,2,5,2400.0,88886,37256,AUDI A3
"[{'ReservationKey': 0, 'CarKey': 88888, 'CustomerName': 'Running Contract, 15819', 'CustomerMobile': None, 'ReservationStatus': 0, 'ReservationDateTime': None, 'FromDateTime': '7/31/2024 7:45:00 PM', 'ToDateTime': '8/3/2024 7:45:00 PM', 'DayRentValue': 0.0, 'Documents': None}]",100.0,,DUBAI ,DUBAI ,4,2023,78107,2760,-1,0.0,630.0,4,2,97142885205,GOLDEN KEY RENT CAR L.L.C.,2,5,2400.0,88888,49295,AUDI A3
,100.0,,DUBAI ,DUBAI ,4,2023,18725,2760,-1,0.0,630.0,4,2,97142885205,GOLDEN KEY RENT CAR L.L.C.,2,5,2400.0,71274,63075,AUDI A3 
"[{'ReservationKey': 0, 'CarKey': 87633, 'CustomerName': 'Running Contract, 15858', 'CustomerMobile': None, 'ReservationStatus': 0, 'ReservationDateTime': None, 'FromDateTime': '8/1/2024 6:58:00 PM', 'ToDateTime': '8/5/2024 6:58:00 PM', 'DayRentValue': 0.0, 'Documents': None}]",100.0,,DUBAI ,DUBAI ,4,2023,70266,2760,-1,0.0,630.0,4,2,97142885205,GOLDEN KEY RENT CAR L.L.C.,2,5,2400.0,87633,47506,AUDI A3 
"[{'ReservationKey': 0, 'CarKey': 87635, 'CustomerName': 'Running Contract, 15799', 'CustomerMobile': None, 'ReservationStatus': 0, 'ReservationDateTime': None, 'FromDateTime': '7/31/2024 10:51:00 AM', 'ToDateTime': '8/4/2024 10:51:00 AM', 'DayRentValue': 0.0, 'Documents': None}]",100.0,,DUBAI ,DUBAI ,4,2023,70268,2760,-1,0.0,630.0,4,2,97142885205,GOLDEN KEY RENT CAR L.L.C.,2,5,2400.0,87635,41444,AUDI A3 
"[{'ReservationKey': 0, 'CarKey': 87636, 'CustomerName': 'Running Contract, 15833', 'CustomerMobile': None, 'ReservationStatus': 0, 'ReservationDateTime': None, 'FromDateTime': '8/1/2024 2:36:00 AM', 'ToDateTime': '8/3/2024 2:36:00 AM', 'DayRentValue': 0.0, 'Documents': None}]",100.0,,DUBAI ,DUBAI ,4,2023,70269,2760,-1,0.0,630.0,4,2,97142885205,GOLDEN KEY RENT CAR L.L.C.,2,5,2400.0,87636,36481,AUDI A3 
"[{'ReservationKey': 0, 'CarKey': 95546, 'CustomerName': 'Running Contract, 15717', 'CustomerMobile': None, 'ReservationStatus': 0, 'ReservationDateTime': None, 'FromDateTime': '7/26/2024 5:45:00 PM', 'ToDateTime': '8/3/2024 5:45:00 PM', 'DayRentValue': 0.0, 'Documents': None}]",100.0,,DUBAI ,DUBAI ,4,2023,10734,2760,-1,0.0,630.0,4,2,97142885205,GOLDEN KEY RENT CAR L.L.C.,2,5,2400.0,95546,33541,AUDI A6
"[{'ReservationKey': 0, 'CarKey': 95543, 'CustomerName': 'Running Contract, 15838', 'CustomerMobile': None, 'ReservationStatus': 0, 'ReservationDateTime': None, 'FromDateTime': '8/1/2024 11:04:00 AM', 'ToDateTime': '8/4/2024 11:04:00 AM', 'DayRentValue': 0.0, 'Documents': None}]",100.0,,DUBAI ,DUBAI ,4,2023,10173,2760,-1,0.0,630.0,4,2,97142885205,GOLDEN KEY RENT CAR L.L.C.,2,5,2400.0,95543,32595,AUDI A6 
"[{'ReservationKey': 0, 'CarKey': 95542, 'CustomerName': 'Running Contract, 15778', 'CustomerMobile': None, 'ReservationStatus': 0, 'ReservationDateTime': None, 'FromDateTime': '7/30/2024 12:00:00 PM', 'ToDateTime': '8/3/2024 12:00:00 PM', 'DayRentValue': 0.0, 'Documents': None}]",100.0,,DUBAI ,DUBAI ,4,2023,10674,2760,-1,0.0,630.0,4,2,97142885205,GOLDEN KEY RENT CAR L.L.C.,2,5,2400.0,95542,27094,AUDI A6 
,100.0,,DUBAI ,DUBAI ,4,2023,10678,2760,-1,0.0,630.0,4,2,97142885205,GOLDEN KEY RENT CAR L.L.C.,2,5,2400.0,95547,39274,AUDI A6 
"[{'ReservationKey': 0, 'CarKey': 95548, 'CustomerName': 'Running Contract, 15820', 'CustomerMobile': None, 'ReservationStatus': 0, 'ReservationDateTime': None, 'FromDateTime': '7/31/2024 5:31:00 PM', 'ToDateTime': '8/3/2024 5:31:00 PM', 'DayRentValue': 0.0, 'Documents': None}]",100.0,,DUBAI ,DUBAI ,4,2023,10682,2760,-1,0.0,630.0,4,2,97142885205,GOLDEN KEY RENT CAR L.L.C.,2,5,2400.0,95548,35647,AUDI A6 
"[{'ReservationKey': 0, 'CarKey': 95544, 'CustomerName': 'Running Contract, 15861', 'CustomerMobile': None, 'ReservationStatus': 0, 'ReservationDateTime': None, 'FromDateTime': '8/1/2024 8:21:00 PM', 'ToDateTime': '8/3/2024 8:21:00 PM', 'DayRentValue': 0.0, 'Documents': None}]",100.0,,DUBAI ,DUBAI ,4,2023,10735,2760,-1,0.0,630.0,4,2,97142885205,GOLDEN KEY RENT CAR L.L.C.,2,5,2400.0,95544,34143,AUDI A6 
"[{'ReservationKey': 0, 'CarKey': 11785, 'CustomerName': 'Running Contract, 15800', 'CustomerMobile': None, 'ReservationStatus': 0, 'ReservationDateTime': None, 'FromDateTime': '7/31/2024 10:59:00 AM', 'ToDateTime': '8/30/2024 10:59:00 AM', 'DayRentValue': 0.0, 'Documents': None}]",100.0,,DUBAI ,DUBAI ,4,2021,37769,2760,-1,0.0,630.0,4,2,97142885205,GOLDEN KEY RENT CAR L.L.C.,2,5,2400.0,11785,77277,AUDI Q8  
"[{'ReservationKey': 0, 'CarKey': 67517, 'CustomerName': 'Running Contract, 15877', 'CustomerMobile': None, 'ReservationStatus': 0, 'ReservationDateTime': None, 'FromDateTime': '8/2/2024 1:54:00 PM', 'ToDateTime': '8/5/2024 1:54:00 PM', 'DayRentValue': 0.0, 'Documents': None}]",100.0,,DUBAI ,DUBAI ,4,2022,29503,2760,-1,0.0,630.0,4,2,97142885205,GOLDEN KEY RENT CAR L.L.C.,2,5,2400.0,67517,77617,BMW 420
"[{'ReservationKey': 0, 'CarKey': 87493, 'CustomerName': 'Running Contract, 15755', 'CustomerMobile': None, 'ReservationStatus': 0, 'ReservationDateTime': None, 'FromDateTime': '7/28/2024 9:45:00 PM', 'ToDateTime': '8/3/2024 9:45:00 PM', 'DayRentValue': 0.0, 'Documents': None}]",100.0,,DUBAI ,DUBAI ,4,2023,63198,2760,-1,0.0,630.0,4,2,97142885205,GOLDEN KEY RENT CAR L.L.C.,2,5,2400.0,87493,48420,BMW 420
"[{'ReservationKey': 0, 'CarKey': 93167, 'CustomerName': 'Running Contract, 15690', 'CustomerMobile': None, 'ReservationStatus': 0, 'ReservationDateTime': None, 'FromDateTime': '7/25/2024 12:39:00 PM', 'ToDateTime': '8/2/2024 12:39:00 PM', 'DayRentValue': 0.0, 'Documents': None}]",100.0,,DUBAI ,DUBAI ,4,2023,84903,2760,-1,0.0,630.0,4,2,97142885205,GOLDEN KEY RENT CAR L.L.C.,2,5,2400.0,93167,44788,BMW 420
"[{'ReservationKey': 0, 'CarKey': 116861, 'CustomerName': 'Running Contract, 15827', 'CustomerMobile': None, 'ReservationStatus': 0, 'ReservationDateTime': None, 'FromDateTime': '7/31/2024 10:58:00 PM', 'ToDateTime': '8/2/2024 10:58:00 PM', 'DayRentValue': 0.0, 'Documents': None}]",100.0,,DUBAI ,DUBAI ,4,2024,82175,2760,-1,0.0,630.0,4,2,97142885205,GOLDEN KEY RENT CAR L.L.C.,2,5,2400.0,116861,82175,BMW 430i
,100.0,,DUBAI ,DUBAI ,4,2023,12581,2760,-1,0.0,630.0,4,2,97142885205,GOLDEN KEY RENT CAR L.L.C.,2,5,2400.0,92640,38204,BMW 735
"[{'ReservationKey': 0, 'CarKey': 142120, 'CustomerName': 'Running Contract, 15835', 'CustomerMobile': None, 'ReservationStatus': 0, 'ReservationDateTime': None, 'FromDateTime': '8/1/2024 5:59:00 AM', 'ToDateTime': '8/15/2024 5:59:00 AM', 'DayRentValue': 0.0, 'Documents': None}]",100.0,,DUBAI ,DUBAI ,4,2025,51834,2760,-1,0.0,630.0,4,2,97142885205,GOLDEN KEY RENT CAR L.L.C.,2,5,2400.0,142120,104,BMW420 
"[{'ReservationKey': 0, 'CarKey': 142121, 'CustomerName': 'Running Contract, 15813', 'CustomerMobile': None, 'ReservationStatus': 0, 'ReservationDateTime': None, 'FromDateTime': '7/31/2024 4:00:00 PM', 'ToDateTime': '8/5/2024 4:00:00 PM', 'DayRentValue': 0.0, 'Documents': None}]",100.0,,DUBAI ,DUBAI ,4,2025,58267,2760,-1,0.0,630.0,4,2,97142885205,GOLDEN KEY RENT CAR L.L.C.,2,5,2400.0,142121,246,BMW420 
"[{'ReservationKey': 0, 'CarKey': 99351, 'CustomerName': 'Running Contract, 15814', 'CustomerMobile': None, 'ReservationStatus': 0, 'ReservationDateTime': None, 'FromDateTime': '7/30/2024 9:11:00 PM', 'ToDateTime': '8/9/2024 9:11:00 PM', 'DayRentValue': 0.0, 'Documents': None}]",100.0,,DUBAI ,DUBAI ,4,2023,38219,2760,-1,0.0,630.0,4,2,97142885205,GOLDEN KEY RENT CAR L.L.C.,2,5,2400.0,99351,33777,CADILLAC ESCALADE
"[{'ReservationKey': 0, 'CarKey': 81077, 'CustomerName': 'Running Contract, 15745', 'CustomerMobile': None, 'ReservationStatus': 0, 'ReservationDateTime': None, 'FromDateTime': '7/28/2024 6:12:00 AM', 'ToDateTime': '8/4/2024 6:12:00 AM', 'DayRentValue': 0.0, 'Documents': None}]",100.0,,DUBAI ,DUBAI ,4,2022,46440,2760,-1,0.0,630.0,4,2,97142885205,GOLDEN KEY RENT CAR L.L.C.,2,5,2400.0,81077,62262,CADILLAC ESCALLADE
,50.0,,DUBAI ,DUBAI ,4,2020,12437,2760,-1,0.0,0.0,4,2,97142885205,GOLDEN KEY RENT CAR L.L.C.,2,5,0.0,2927,117046,CHANGAN ALSVIN
"[{'ReservationKey': 0, 'CarKey': 2918, 'CustomerName': 'Running Contract, 1001207', 'CustomerMobile': None, 'ReservationStatus': 0, 'ReservationDateTime': None, 'FromDateTime': '1/19/2024 9:00:00 PM', 'ToDateTime': '8/6/2024 9:00:00 PM', 'DayRentValue': 0.0, 'Documents': None}]",100.0,,DUBAI ,DUBAI ,4,2020,43596,2760,-1,0.0,630.0,4,2,97142885205,GOLDEN KEY RENT CAR L.L.C.,2,5,2400.0,2918,81849,CHANGAN ALSVIN
"[{'ReservationKey': 0, 'CarKey': 2915, 'CustomerName': 'Running Contract, 8433', 'CustomerMobile': None, 'ReservationStatus': 0, 'ReservationDateTime': None, 'FromDateTime': '10/10/2023 11:00:00 PM', 'ToDateTime': '2/21/2025 11:00:00 PM', 'DayRentValue': 0.0, 'Documents': None}]",100.0,,DUBAI ,DUBAI ,4,2020,51360,2760,-1,0.0,630.0,4,2,97142885205,GOLDEN KEY RENT CAR L.L.C.,2,5,2400.0,2915,84425,CHANGAN ALSVIN
"[{'ReservationKey': 0, 'CarKey': 77962, 'CustomerName': 'Running Contract, 15765', 'CustomerMobile': None, 'ReservationStatus': 0, 'ReservationDateTime': None, 'FromDateTime': '7/29/2024 1:54:00 AM', 'ToDateTime': '8/2/2024 1:54:00 AM', 'DayRentValue': 0.0, 'Documents': None}]",100.0,,DUBAI ,DUBAI ,4,2023,15491,2760,-1,0.0,630.0,4,2,97142885205,GOLDEN KEY RENT CAR L.L.C.,2,5,2400.0,77962,55901,CHEVROLET CAPTIVA
"[{'ReservationKey': 0, 'CarKey': 83240, 'CustomerName': 'Running Contract, 1001287', 'CustomerMobile': None, 'ReservationStatus': 0, 'ReservationDateTime': None, 'FromDateTime': '2/29/2024 7:39:00 PM', 'ToDateTime': '6/8/2024 7:39:00 PM', 'DayRentValue': 0.0, 'Documents': None}]",100.0,,DUBAI ,DUBAI ,4,2023,18447,2760,-1,0.0,630.0,4,2,97142885205,GOLDEN KEY RENT CAR L.L.C.,2,5,2400.0,83240,23031,CHEVROLET CAPTIVA
,100.0,,DUBAI ,DUBAI ,4,2023,21324,2760,-1,0.0,630.0,4,2,97142885205,GOLDEN KEY RENT CAR L.L.C.,2,5,2400.0,80439,58408,CHEVROLET CAPTIVA
"[{'ReservationKey': 0, 'CarKey': 80438, 'CustomerName': 'Running Contract, 15467', 'CustomerMobile': None, 'ReservationStatus': 0, 'ReservationDateTime': None, 'FromDateTime': '7/14/2024 11:58:00 PM', 'ToDateTime': '8/23/2024 11:58:00 PM', 'DayRentValue': 0.0, 'Documents': None}]",100.0,,DUBAI ,DUBAI ,4,2023,21371,2760,-1,0.0,630.0,4,2,97142885205,GOLDEN KEY RENT CAR L.L.C.,2,5,2400.0,80438,49583,CHEVROLET CAPTIVA
,100.0,,DUBAI ,DUBAI ,4,2023,82856,2760,-1,0.0,630.0,4,2,97142885205,GOLDEN KEY RENT CAR L.L.C.,2,5,2400.0,89117,42028,CHEVROLET CAPTIVA
"[{'ReservationKey': 0, 'CarKey': 93467, 'CustomerName': 'Running Contract, 15626', 'CustomerMobile': None, 'ReservationStatus': 0, 'ReservationDateTime': None, 'FromDateTime': '7/22/2024 1:01:00 AM', 'ToDateTime': '8/2/2024 1:01:00 AM', 'DayRentValue': 0.0, 'Documents': None}]",100.0,,DUBAI ,DUBAI ,4,2023,14296,2760,-1,0.0,630.0,4,2,97142885205,GOLDEN KEY RENT CAR L.L.C.,2,5,2400.0,93467,37251,CHEVROLET CAPTIVA 
"[{'ReservationKey': 0, 'CarKey': 93465, 'CustomerName': 'Running Contract, 15852', 'CustomerMobile': None, 'ReservationStatus': 0, 'ReservationDateTime': None, 'FromDateTime': '8/1/2024 4:14:00 PM', 'ToDateTime': '8/31/2024 4:14:00 PM', 'DayRentValue': 0.0, 'Documents': None}]",100.0,,DUBAI ,DUBAI ,4,2023,14678,2760,-1,0.0,630.0,4,2,97142885205,GOLDEN KEY RENT CAR L.L.C.,2,5,2400.0,93465,30915,CHEVROLET CAPTIVA 
"[{'ReservationKey': 0, 'CarKey': 93464, 'CustomerName': 'Running Contract, 15822', 'CustomerMobile': None, 'ReservationStatus': 0, 'ReservationDateTime': None, 'FromDateTime': '7/31/2024 8:21:00 PM', 'ToDateTime': '8/16/2024 8:21:00 PM', 'DayRentValue': 0.0, 'Documents': None}]",100.0,,DUBAI ,DUBAI ,4,2023,14799,2760,-1,0.0,630.0,4,2,97142885205,GOLDEN KEY RENT CAR L.L.C.,2,5,2400.0,93464,34151,CHEVROLET CAPTIVA 
"[{'ReservationKey': 0, 'CarKey': 77979, 'CustomerName': 'Running Contract, 15845', 'CustomerMobile': None, 'ReservationStatus': 0, 'ReservationDateTime': None, 'FromDateTime': '8/1/2024 1:36:06 PM', 'ToDateTime': '8/9/2024 1:36:06 PM', 'DayRentValue': 0.0, 'Documents': None}]",100.0,,DUBAI ,DUBAI ,4,2023,15391,2760,-1,0.0,630.0,4,2,97142885205,GOLDEN KEY RENT CAR L.L.C.,2,5,2400.0,77979,60382,CHEVROLET CAPTIVA 
"[{'ReservationKey': 0, 'CarKey': 78023, 'CustomerName': 'Running Contract, 15831', 'CustomerMobile': None, 'ReservationStatus': 0, 'ReservationDateTime': None, 'FromDateTime': '8/1/2024 1:46:00 AM', 'ToDateTime': '8/23/2024 1:46:00 AM', 'DayRentValue': 0.0, 'Documents': None}]",100.0,,DUBAI ,DUBAI ,4,2023,15479,2760,-1,0.0,630.0,4,2,97142885205,GOLDEN KEY RENT CAR L.L.C.,2,5,2400.0,78023,52696,CHEVROLET CAPTIVA 
"[{'ReservationKey': 0, 'CarKey': 78021, 'CustomerName': 'Running Contract, 15769', 'CustomerMobile': None, 'ReservationStatus': 0, 'ReservationDateTime': None, 'FromDateTime': '7/30/2024 6:12:00 AM', 'ToDateTime': '8/5/2024 6:12:00 AM', 'DayRentValue': 0.0, 'Documents': None}]",100.0,,DUBAI ,DUBAI ,4,2023,15523,2760,-1,0.0,630.0,4,2,97142885205,GOLDEN KEY RENT CAR L.L.C.,2,5,2400.0,78021,46687,CHEVROLET CAPTIVA 
"[{'ReservationKey': 0, 'CarKey': 79071, 'CustomerName': 'Running Contract, 15770', 'CustomerMobile': None, 'ReservationStatus': 0, 'ReservationDateTime': None, 'FromDateTime': '7/30/2024 7:30:00 AM', 'ToDateTime': '8/7/2024 7:30:00 AM', 'DayRentValue': 0.0, 'Documents': None}]",100.0,,DUBAI ,DUBAI ,4,2022,28430,2760,-1,0.0,630.0,4,2,97142885205,GOLDEN KEY RENT CAR L.L.C.,2,5,2400.0,79071,46724,CHEVROLET CAPTIVA 
"[{'ReservationKey': 0, 'CarKey': 79063, 'CustomerName': 'Running Contract, 15832', 'CustomerMobile': None, 'ReservationStatus': 0, 'ReservationDateTime': None, 'FromDateTime': '8/1/2024 1:46:00 AM', 'ToDateTime': '8/11/2024 1:46:00 AM', 'DayRentValue': 0.0, 'Documents': None}]",100.0,,DUBAI ,DUBAI ,4,2023,46173,2760,-1,0.0,630.0,4,2,97142885205,GOLDEN KEY RENT CAR L.L.C.,2,5,2400.0,79063,42624,CHEVROLET CAPTIVA 
"[{'ReservationKey': 0, 'CarKey': 67644, 'CustomerName': 'Running Contract, 15762', 'CustomerMobile': None, 'ReservationStatus': 0, 'ReservationDateTime': None, 'FromDateTime': '7/29/2024 1:04:00 PM', 'ToDateTime': '8/5/2024 1:04:00 PM', 'DayRentValue': 0.0, 'Documents': None}]",100.0,,DUBAI ,DUBAI ,4,2022,93743,2760,-1,0.0,630.0,4,2,97142885205,GOLDEN KEY RENT CAR L.L.C.,2,5,2400.0,67644,76277,CHEVROLET CORVETTE
,100.0,,DUBAI ,DUBAI ,4,2023,24647,2760,-1,0.0,630.0,4,2,97142885205,GOLDEN KEY RENT CAR L.L.C.,2,5,2400.0,79088,62596,CHEVROLET TAHOE
"[{'ReservationKey': 0, 'CarKey': 132182, 'CustomerName': 'Running Contract, 12787', 'CustomerMobile': None, 'ReservationStatus': 0, 'ReservationDateTime': None, 'FromDateTime': '4/15/2024 12:28:00 PM', 'ToDateTime': '4/15/2024 12:28:00 PM', 'DayRentValue': 0.0, 'Documents': None}]",100.0,,DUBAI ,DUBAI ,4,2021,53290,2760,-1,0.0,630.0,4,2,97142885205,GOLDEN KEY RENT CAR L.L.C.,2,5,2400.0,132182,46057,CHEVROLET TAHOE
,100.0,,DUBAI ,DUBAI ,4,2022,36795,2760,-1,0.0,630.0,4,2,97142885205,GOLDEN KEY RENT CAR L.L.C.,2,5,2400.0,58667,82664,CHEVROLETE TAHOE
,100.0,,DUBAI ,DUBAI ,4,2021,EXTRA,2760,-1,0.0,630.0,4,2,97142885205,GOLDEN KEY RENT CAR L.L.C.,2,5,2400.0,11107,21232,EXTRA
,100.0,,DUBAI ,DUBAI ,4,2022,8318,2760,-1,0.0,630.0,4,2,97142885205,GOLDEN KEY RENT CAR L.L.C.,2,5,2400.0,63627,42609,FERRARI F8 TRIBUTO
"[{'ReservationKey': 0, 'CarKey': 116863, 'CustomerName': 'Running Contract, 15757', 'CustomerMobile': None, 'ReservationStatus': 0, 'ReservationDateTime': None, 'FromDateTime': '7/29/2024 12:18:00 AM', 'ToDateTime': '8/16/2024 12:18:00 AM', 'DayRentValue': 0.0, 'Documents': None}]",100.0,,DUBAI ,DUBAI ,4,2023,54941,2760,-1,0.0,630.0,4,2,97142885205,GOLDEN KEY RENT CAR L.L.C.,2,5,2400.0,116863,26731,GMC YUKON
,100.0,,DUBAI ,DUBAI ,4,2022,33596,2760,-1,0.0,630.0,4,2,97142885205,GOLDEN KEY RENT CAR L.L.C.,2,5,2400.0,76698,16076,GMC YUKON DENALI
"[{'ReservationKey': 0, 'CarKey': 135430, 'CustomerName': 'Running Contract, 15843', 'CustomerMobile': None, 'ReservationStatus': 0, 'ReservationDateTime': None, 'FromDateTime': '8/1/2024 12:49:00 PM', 'ToDateTime': '8/8/2024 12:49:00 PM', 'DayRentValue': 0.0, 'Documents': None}]",100.0,,DUBAI ,DUBAI ,4,2024,10419,2760,-1,0.0,630.0,4,2,97142885205,GOLDEN KEY RENT CAR L.L.C.,2,5,2400.0,135430,6182,HYUNDAI ELANTRA 
,100.0,,DUBAI ,DUBAI ,4,2015,66846,2760,-1,0.0,630.0,4,2,97142885205,GOLDEN KEY RENT CAR L.L.C.,2,5,2400.0,10228,29950,HYUNDAI SONATA
"[{'ReservationKey': 0, 'CarKey': 126415, 'CustomerName': 'Running Contract, 15872', 'CustomerMobile': None, 'ReservationStatus': 0, 'ReservationDateTime': None, 'FromDateTime': '8/2/2024 7:34:00 AM', 'ToDateTime': '8/10/2024 7:34:00 AM', 'DayRentValue': 0.0, 'Documents': None}]",100.0,,DUBAI ,DUBAI ,4,2024,43704,2760,-1,0.0,630.0,4,2,97142885205,GOLDEN KEY RENT CAR L.L.C.,2,5,2400.0,126415,12851,JAC J7
"[{'ReservationKey': 0, 'CarKey': 126409, 'CustomerName': 'Running Contract, 15821', 'CustomerMobile': None, 'ReservationStatus': 0, 'ReservationDateTime': None, 'FromDateTime': '7/31/2024 10:53:00 AM', 'ToDateTime': '8/3/2024 10:53:00 AM', 'DayRentValue': 0.0, 'Documents': None}]",100.0,,DUBAI ,DUBAI ,4,2024,56638,2760,-1,0.0,630.0,4,2,97142885205,GOLDEN KEY RENT CAR L.L.C.,2,5,2400.0,126409,15242,JAC J7
,100.0,,DUBAI ,DUBAI ,4,2024,57016,2760,-1,0.0,630.0,4,2,97142885205,GOLDEN KEY RENT CAR L.L.C.,2,5,2400.0,126403,16699,JAC J7
"[{'ReservationKey': 0, 'CarKey': 126412, 'CustomerName': 'Running Contract, 13695', 'CustomerMobile': None, 'ReservationStatus': 0, 'ReservationDateTime': None, 'FromDateTime': '5/12/2024 4:29:00 PM', 'ToDateTime': '8/9/2024 4:29:00 PM', 'DayRentValue': 0.0, 'Documents': None}]",100.0,,DUBAI ,DUBAI ,4,2024,63289,2760,-1,0.0,630.0,4,2,97142885205,GOLDEN KEY RENT CAR L.L.C.,2,5,2400.0,126412,5149,JAC J7
"[{'ReservationKey': 0, 'CarKey': 126417, 'CustomerName': 'Running Contract, 15427', 'CustomerMobile': None, 'ReservationStatus': 0, 'ReservationDateTime': None, 'FromDateTime': '7/12/2024 8:57:00 PM', 'ToDateTime': '8/5/2024 8:57:00 PM', 'DayRentValue': 0.0, 'Documents': None}]",100.0,,DUBAI ,DUBAI ,4,2024,83214,2760,-1,0.0,630.0,4,2,97142885205,GOLDEN KEY RENT CAR L.L.C.,2,5,2400.0,126417,13290,JAC J7
"[{'ReservationKey': 0, 'CarKey': 126406, 'CustomerName': 'Running Contract, 15705', 'CustomerMobile': None, 'ReservationStatus': 0, 'ReservationDateTime': None, 'FromDateTime': '7/26/2024 1:53:00 AM', 'ToDateTime': '8/25/2024 1:53:00 AM', 'DayRentValue': 0.0, 'Documents': None}]",100.0,,DUBAI ,DUBAI ,4,2024,62146,2760,-1,0.0,630.0,4,2,97142885205,GOLDEN KEY RENT CAR L.L.C.,2,5,2400.0,126406,9498,JAC JS4
,100.0,,DUBAI ,DUBAI ,4,2024,65537,2760,-1,0.0,630.0,4,2,97142885205,GOLDEN KEY RENT CAR L.L.C.,2,5,2400.0,126405,14804,JAC JS4
"[{'ReservationKey': 0, 'CarKey': 126404, 'CustomerName': 'Running Contract, 1001546', 'CustomerMobile': None, 'ReservationStatus': 0, 'ReservationDateTime': None, 'FromDateTime': '7/19/2024 7:29:00 PM', 'ToDateTime': '8/18/2024 7:29:00 PM', 'DayRentValue': 0.0, 'Documents': None}]",100.0,,DUBAI ,DUBAI ,4,2024,70676,2760,-1,0.0,630.0,4,2,97142885205,GOLDEN KEY RENT CAR L.L.C.,2,5,2400.0,126404,7295,JAC JS4
"[{'ReservationKey': 0, 'CarKey': 126408, 'CustomerName': 'Running Contract, 15500', 'CustomerMobile': None, 'ReservationStatus': 0, 'ReservationDateTime': None, 'FromDateTime': '7/16/2024 11:05:00 AM', 'ToDateTime': '8/10/2024 11:05:00 AM', 'DayRentValue': 0.0, 'Documents': None}]",100.0,,DUBAI ,DUBAI ,4,2024,79115,2760,-1,0.0,630.0,4,2,97142885205,GOLDEN KEY RENT CAR L.L.C.,2,5,2400.0,126408,10351,JAC JS4
"[{'ReservationKey': 0, 'CarKey': 99112, 'CustomerName': 'Running Contract, 15776', 'CustomerMobile': None, 'ReservationStatus': 0, 'ReservationDateTime': None, 'FromDateTime': '7/30/2024 11:37:00 AM', 'ToDateTime': '8/2/2024 11:37:00 AM', 'DayRentValue': 0.0, 'Documents': None}]",100.0,,DUBAI ,DUBAI ,4,2023,10465,2760,-1,0.0,630.0,4,2,97142885205,GOLDEN KEY RENT CAR L.L.C.,2,5,2400.0,99112,40127,KIA K5
"[{'ReservationKey': 0, 'CarKey': 99110, 'CustomerName': 'Running Contract, 15870', 'CustomerMobile': None, 'ReservationStatus': 0, 'ReservationDateTime': None, 'FromDateTime': '8/2/2024 4:40:00 AM', 'ToDateTime': '8/9/2024 4:40:00 AM', 'DayRentValue': 0.0, 'Documents': None}]",100.0,,DUBAI ,DUBAI ,4,2023,12401,2760,-1,0.0,630.0,4,2,97142885205,GOLDEN KEY RENT CAR L.L.C.,2,5,2400.0,99110,26923,KIA K5
"[{'ReservationKey': 0, 'CarKey': 99111, 'CustomerName': 'Running Contract, 15818', 'CustomerMobile': None, 'ReservationStatus': 0, 'ReservationDateTime': None, 'FromDateTime': '7/31/2024 7:51:00 PM', 'ToDateTime': '8/4/2024 7:51:00 PM', 'DayRentValue': 0.0, 'Documents': None}]",100.0,,DUBAI ,DUBAI ,4,2023,18894,2760,-1,0.0,630.0,4,2,97142885205,GOLDEN KEY RENT CAR L.L.C.,2,5,2400.0,99111,41238,KIA K5
"[{'ReservationKey': 0, 'CarKey': 85522, 'CustomerName': 'Running Contract, 15830', 'CustomerMobile': None, 'ReservationStatus': 0, 'ReservationDateTime': None, 'FromDateTime': '8/1/2024 1:03:00 AM', 'ToDateTime': '8/6/2024 1:03:00 AM', 'DayRentValue': 0.0, 'Documents': None}]",100.0,,DUBAI ,DUBAI ,4,2023,39614,2760,-1,0.0,0.0,4,2,97142885205,GOLDEN KEY RENT CAR L.L.C.,2,5,0.0,85522,40059,KIA K5
"[{'ReservationKey': 0, 'CarKey': 85523, 'CustomerName': 'Running Contract, 15791', 'CustomerMobile': None, 'ReservationStatus': 0, 'ReservationDateTime': None, 'FromDateTime': '7/31/2024 1:48:00 AM', 'ToDateTime': '8/3/2024 1:48:00 AM', 'DayRentValue': 0.0, 'Documents': None}]",100.0,,DUBAI ,DUBAI ,4,2023,39615,2760,-1,0.0,630.0,4,2,97142885205,GOLDEN KEY RENT CAR L.L.C.,2,5,2400.0,85523,65809,KIA K5
,100.0,,DUBAI ,DUBAI ,4,2023,56836,2760,-1,0.0,630.0,4,2,97142885205,GOLDEN KEY RENT CAR L.L.C.,2,5,2400.0,104371,33795,KIA K5
"[{'ReservationKey': 0, 'CarKey': 99116, 'CustomerName': 'Running Contract, 15883', 'CustomerMobile': None, 'ReservationStatus': 0, 'ReservationDateTime': None, 'FromDateTime': '8/2/2024 4:17:00 PM', 'ToDateTime': '8/9/2024 4:17:00 PM', 'DayRentValue': 0.0, 'Documents': None}]",100.0,,DUBAI ,DUBAI ,4,2023,89429,2760,-1,0.0,630.0,4,2,97142885205,GOLDEN KEY RENT CAR L.L.C.,2,5,2400.0,99116,39574,KIA K5
"[{'ReservationKey': 0, 'CarKey': 135645, 'CustomerName': 'Running Contract, 15613', 'CustomerMobile': None, 'ReservationStatus': 0, 'ReservationDateTime': None, 'FromDateTime': '7/21/2024 12:20:00 PM', 'ToDateTime': '8/3/2024 12:20:00 PM', 'DayRentValue': 0.0, 'Documents': None}]",100.0,,DUBAI ,DUBAI ,4,2024,31239,2760,-1,0.0,630.0,4,2,97142885205,GOLDEN KEY RENT CAR L.L.C.,2,5,2400.0,135645,5210,KIA PEGAS
"[{'ReservationKey': 0, 'CarKey': 135643, 'CustomerName': 'Running Contract, 15362', 'CustomerMobile': None, 'ReservationStatus': 0, 'ReservationDateTime': None, 'FromDateTime': '7/10/2024 6:06:00 AM', 'ToDateTime': '8/9/2024 6:06:00 AM', 'DayRentValue': 0.0, 'Documents': None}]",100.0,,DUBAI ,DUBAI ,4,2024,31242,2760,-1,0.0,630.0,4,2,97142885205,GOLDEN KEY RENT CAR L.L.C.,2,5,2400.0,135643,3539,KIA PEGAS
"[{'ReservationKey': 0, 'CarKey': 135638, 'CustomerName': 'Running Contract, 15759', 'CustomerMobile': None, 'ReservationStatus': 0, 'ReservationDateTime': None, 'FromDateTime': '7/29/2024 8:11:00 AM', 'ToDateTime': '8/5/2024 8:11:00 AM', 'DayRentValue': 0.0, 'Documents': None}]",100.0,,DUBAI ,DUBAI ,4,2024,31372,2760,-1,0.0,630.0,4,2,97142885205,GOLDEN KEY RENT CAR L.L.C.,2,5,2400.0,135638,3221,KIA PEGAS
"[{'ReservationKey': 0, 'CarKey': 135640, 'CustomerName': 'Running Contract, 15879', 'CustomerMobile': None, 'ReservationStatus': 0, 'ReservationDateTime': None, 'FromDateTime': '8/2/2024 1:26:00 PM', 'ToDateTime': '8/12/2024 1:26:00 PM', 'DayRentValue': 0.0, 'Documents': None}]",100.0,,DUBAI ,DUBAI ,4,2024,31844,2760,-1,0.0,630.0,4,2,97142885205,GOLDEN KEY RENT CAR L.L.C.,2,5,2400.0,135640,4532,KIA PEGAS
"[{'ReservationKey': 0, 'CarKey': 135636, 'CustomerName': 'Running Contract, 15305', 'CustomerMobile': None, 'ReservationStatus': 0, 'ReservationDateTime': None, 'FromDateTime': '7/7/2024 12:24:00 PM', 'ToDateTime': '8/3/2024 12:24:00 PM', 'DayRentValue': 0.0, 'Documents': None}]",100.0,,DUBAI ,DUBAI ,4,2024,31894,2760,-1,0.0,630.0,4,2,97142885205,GOLDEN KEY RENT CAR L.L.C.,2,5,2400.0,135636,3558,KIA PEGAS
"[{'ReservationKey': 0, 'CarKey': 135635, 'CustomerName': 'Running Contract, 15788', 'CustomerMobile': None, 'ReservationStatus': 0, 'ReservationDateTime': None, 'FromDateTime': '7/30/2024 9:56:00 PM', 'ToDateTime': '8/5/2024 9:56:00 PM', 'DayRentValue': 0.0, 'Documents': None}]",100.0,,DUBAI ,DUBAI ,4,2024,31898,2760,-1,0.0,630.0,4,2,97142885205,GOLDEN KEY RENT CAR L.L.C.,2,5,2400.0,135635,5793,KIA PEGAS
"[{'ReservationKey': 0, 'CarKey': 135639, 'CustomerName': 'Running Contract, 15625', 'CustomerMobile': None, 'ReservationStatus': 0, 'ReservationDateTime': None, 'FromDateTime': '7/21/2024 9:29:00 PM', 'ToDateTime': '7/31/2024 9:29:00 PM', 'DayRentValue': 0.0, 'Documents': None}]",100.0,,DUBAI ,DUBAI ,4,2024,31899,2760,-1,0.0,630.0,4,2,97142885205,GOLDEN KEY RENT CAR L.L.C.,2,5,2400.0,135639,25900,KIA PEGAS
"[{'ReservationKey': 0, 'CarKey': 135641, 'CustomerName': 'Running Contract, 1001547', 'CustomerMobile': None, 'ReservationStatus': 0, 'ReservationDateTime': None, 'FromDateTime': '8/1/2024 9:26:00 PM', 'ToDateTime': '8/31/2024 9:26:00 PM', 'DayRentValue': 0.0, 'Documents': None}]",100.0,,DUBAI ,DUBAI ,4,2024,31902,2760,-1,0.0,630.0,4,2,97142885205,GOLDEN KEY RENT CAR L.L.C.,2,5,2400.0,135641,6599,KIA PEGAS
"[{'ReservationKey': 0, 'CarKey': 135642, 'CustomerName': 'Running Contract, 15871', 'CustomerMobile': None, 'ReservationStatus': 0, 'ReservationDateTime': None, 'FromDateTime': '8/2/2024 6:23:00 AM', 'ToDateTime': '8/24/2024 6:23:00 AM', 'DayRentValue': 0.0, 'Documents': None}]",100.0,,DUBAI ,DUBAI ,4,2024,32378,2760,-1,0.0,630.0,4,2,97142885205,GOLDEN KEY RENT CAR L.L.C.,2,5,2400.0,135642,4720,KIA PEGAS
"[{'ReservationKey': 0, 'CarKey': 135637, 'CustomerName': 'Running Contract, 14545', 'CustomerMobile': None, 'ReservationStatus': 0, 'ReservationDateTime': None, 'FromDateTime': '6/9/2024 3:06:00 PM', 'ToDateTime': '8/17/2024 3:06:00 PM', 'DayRentValue': 0.0, 'Documents': None}]",100.0,,DUBAI ,DUBAI ,4,2024,32836,2760,-1,0.0,630.0,4,2,97142885205,GOLDEN KEY RENT CAR L.L.C.,2,5,2400.0,135637,2230,KIA PEGAS
"[{'ReservationKey': 0, 'CarKey': 116543, 'CustomerName': 'Running Contract, 15826', 'CustomerMobile': None, 'ReservationStatus': 0, 'ReservationDateTime': None, 'FromDateTime': '7/31/2024 10:32:00 PM', 'ToDateTime': '8/3/2024 10:32:00 PM', 'DayRentValue': 0.0, 'Documents': None}]",100.0,,DUBAI ,DUBAI ,4,2024,73059,2760,-1,0.0,630.0,4,2,97142885205,GOLDEN KEY RENT CAR L.L.C.,2,5,2400.0,116543,20760,KIA PEGAS
"[{'ReservationKey': 0, 'CarKey': 116864, 'CustomerName': 'Running Contract, 15857', 'CustomerMobile': None, 'ReservationStatus': 0, 'ReservationDateTime': None, 'FromDateTime': '8/1/2024 7:02:00 PM', 'ToDateTime': '8/31/2024 7:02:00 PM', 'DayRentValue': 0.0, 'Documents': None}]",100.0,,DUBAI ,DUBAI ,4,2024,10543,2760,-1,0.0,630.0,4,2,97142885205,GOLDEN KEY RENT CAR L.L.C.,2,5,2400.0,116864,21882,KIA PEGAS 
"[{'ReservationKey': 0, 'CarKey': 116577, 'CustomerName': 'Running Contract, 15242', 'CustomerMobile': None, 'ReservationStatus': 0, 'ReservationDateTime': None, 'FromDateTime': '7/4/2024 7:17:00 PM', 'ToDateTime': '7/11/2024 7:17:00 PM', 'DayRentValue': 0.0, 'Documents': None}]",100.0,,DUBAI ,DUBAI ,4,2024,13128,2760,-1,0.0,630.0,4,2,97142885205,GOLDEN KEY RENT CAR L.L.C.,2,5,2400.0,116577,18790,KIA PEGAS 
"[{'ReservationKey': 0, 'CarKey': 116580, 'CustomerName': 'Running Contract, 15865', 'CustomerMobile': None, 'ReservationStatus': 0, 'ReservationDateTime': None, 'FromDateTime': '8/2/2024 12:31:00 AM', 'ToDateTime': '8/10/2024 12:31:00 AM', 'DayRentValue': 0.0, 'Documents': None}]",100.0,,DUBAI ,DUBAI ,4,2024,13962,2760,-1,0.0,630.0,4,2,97142885205,GOLDEN KEY RENT CAR L.L.C.,2,5,2400.0,116580,23463,KIA PEGAS 
"[{'ReservationKey': 0, 'CarKey': 116579, 'CustomerName': 'Running Contract, 15842', 'CustomerMobile': None, 'ReservationStatus': 0, 'ReservationDateTime': None, 'FromDateTime': '8/1/2024 12:29:00 PM', 'ToDateTime': '8/22/2024 12:29:00 PM', 'DayRentValue': 0.0, 'Documents': None}]",100.0,,DUBAI ,DUBAI ,4,2024,14746,2760,-1,0.0,630.0,4,2,97142885205,GOLDEN KEY RENT CAR L.L.C.,2,5,2400.0,116579,21642,KIA PEGAS 
"[{'ReservationKey': 0, 'CarKey': 116865, 'CustomerName': 'Running Contract, 15774', 'CustomerMobile': None, 'ReservationStatus': 0, 'ReservationDateTime': None, 'FromDateTime': '7/30/2024 10:00:00 AM', 'ToDateTime': '8/3/2024 10:00:00 AM', 'DayRentValue': 0.0, 'Documents': None}]",100.0,,DUBAI ,DUBAI ,4,2024,15478,2760,-1,0.0,630.0,4,2,97142885205,GOLDEN KEY RENT CAR L.L.C.,2,5,2400.0,116865,19563,KIA PEGAS 
"[{'ReservationKey': 0, 'CarKey': 116578, 'CustomerName': 'Running Contract, 15847', 'CustomerMobile': None, 'ReservationStatus': 0, 'ReservationDateTime': None, 'FromDateTime': '8/1/2024 1:51:00 PM', 'ToDateTime': '8/31/2024 1:51:00 PM', 'DayRentValue': 0.0, 'Documents': None}]",100.0,,DUBAI ,DUBAI ,4,2024,17629,2760,-1,0.0,630.0,4,2,97142885205,GOLDEN KEY RENT CAR L.L.C.,2,5,2400.0,116578,15351,KIA PEGAS 
"[{'ReservationKey': 0, 'CarKey': 116556, 'CustomerName': 'Running Contract, 15763', 'CustomerMobile': None, 'ReservationStatus': 0, 'ReservationDateTime': None, 'FromDateTime': '7/29/2024 1:23:00 PM', 'ToDateTime': '8/1/2024 1:23:00 PM', 'DayRentValue': 0.0, 'Documents': None}]",100.0,,DUBAI ,DUBAI ,4,2024,73043,2760,-1,0.0,630.0,4,2,97142885205,GOLDEN KEY RENT CAR L.L.C.,2,5,2400.0,116556,21058,KIA PEGAS 
"[{'ReservationKey': 0, 'CarKey': 116555, 'CustomerName': 'Running Contract, 15627', 'CustomerMobile': None, 'ReservationStatus': 0, 'ReservationDateTime': None, 'FromDateTime': '7/22/2024 9:18:00 AM', 'ToDateTime': '8/5/2024 9:18:00 AM', 'DayRentValue': 0.0, 'Documents': None}]",100.0,,DUBAI ,DUBAI ,4,2024,73044,2760,-1,0.0,630.0,4,2,97142885205,GOLDEN KEY RENT CAR L.L.C.,2,5,2400.0,116555,21071,KIA PEGAS 
"[{'ReservationKey': 0, 'CarKey': 116557, 'CustomerName': 'Running Contract, 15873', 'CustomerMobile': None, 'ReservationStatus': 0, 'ReservationDateTime': None, 'FromDateTime': '8/2/2024 8:53:00 AM', 'ToDateTime': '8/12/2024 8:53:00 AM', 'DayRentValue': 0.0, 'Documents': None}]",100.0,,DUBAI ,DUBAI ,4,2024,73075,2760,-1,0.0,630.0,4,2,97142885205,GOLDEN KEY RENT CAR L.L.C.,2,5,2400.0,116557,12720,KIA PEGAS 
,100.0,,DUBAI ,DUBAI ,4,2024,17383,2760,-1,0.0,630.0,4,2,97142885205,GOLDEN KEY RENT CAR L.L.C.,2,5,2400.0,135634,5202,KIA SELTOS
,100.0,,DUBAI ,DUBAI ,4,2024,39236,2760,-1,0.0,630.0,4,2,97142885205,GOLDEN KEY RENT CAR L.L.C.,2,5,2400.0,135650,4146,KIA SELTOS
"[{'ReservationKey': 0, 'CarKey': 135633, 'CustomerName': 'Running Contract, 15868', 'CustomerMobile': None, 'ReservationStatus': 0, 'ReservationDateTime': None, 'FromDateTime': '8/2/2024 2:59:00 AM', 'ToDateTime': '8/11/2024 2:59:00 AM', 'DayRentValue': 0.0, 'Documents': None}]",100.0,,DUBAI ,DUBAI ,4,2024,56797,2760,-1,0.0,630.0,4,2,97142885205,GOLDEN KEY RENT CAR L.L.C.,2,5,2400.0,135633,5526,KIA SELTOS
"[{'ReservationKey': 0, 'CarKey': 135632, 'CustomerName': 'Running Contract, 15881', 'CustomerMobile': None, 'ReservationStatus': 0, 'ReservationDateTime': None, 'FromDateTime': '8/2/2024 11:28:00 AM', 'ToDateTime': '8/3/2024 11:28:00 AM', 'DayRentValue': 0.0, 'Documents': None}]",100.0,,DUBAI ,DUBAI ,4,2024,61840,2760,-1,0.0,630.0,4,2,97142885205,GOLDEN KEY RENT CAR L.L.C.,2,5,2400.0,135632,5113,KIA SELTOS
,100.0,,DUBAI ,DUBAI ,4,2024,91821,2760,-1,0.0,630.0,4,2,97142885205,GOLDEN KEY RENT CAR L.L.C.,2,5,2400.0,135631,4949,KIA SELTOS
,100.0,,DUBAI ,DUBAI ,4,2024,R,2760,-1,0.0,630.0,4,2,97142885205,GOLDEN KEY RENT CAR L.L.C.,2,5,2400.0,135648,0,KIA SELTOS 
"[{'ReservationKey': 0, 'CarKey': 104350, 'CustomerName': 'Running Contract, 15876', 'CustomerMobile': None, 'ReservationStatus': 0, 'ReservationDateTime': None, 'FromDateTime': '8/3/2024 12:00:00 PM', 'ToDateTime': '8/13/2024 12:00:00 PM', 'DayRentValue': 0.0, 'Documents': None}]",100.0,,DUBAI ,DUBAI ,4,2024,56118,2760,-1,0.0,630.0,4,2,97142885205,GOLDEN KEY RENT CAR L.L.C.,2,5,2400.0,104350,35574,KIA SPORTAGE 
"[{'ReservationKey': 0, 'CarKey': 104351, 'CustomerName': 'Running Contract, 15859', 'CustomerMobile': None, 'ReservationStatus': 0, 'ReservationDateTime': None, 'FromDateTime': '8/1/2024 7:57:44 PM', 'ToDateTime': '8/4/2024 7:57:44 PM', 'DayRentValue': 0.0, 'Documents': None}]",100.0,,DUBAI ,DUBAI ,4,2024,56728,2760,-1,0.0,630.0,4,2,97142885205,GOLDEN KEY RENT CAR L.L.C.,2,5,2400.0,104351,28895,KIA SPORTAGE 
"[{'ReservationKey': 0, 'CarKey': 104349, 'CustomerName': 'Running Contract, 15471', 'CustomerMobile': None, 'ReservationStatus': 0, 'ReservationDateTime': None, 'FromDateTime': '7/15/2024 5:45:00 AM', 'ToDateTime': '8/14/2024 5:45:00 AM', 'DayRentValue': 0.0, 'Documents': None}]",100.0,,DUBAI ,DUBAI ,4,2024,56733,2760,-1,0.0,630.0,4,2,97142885205,GOLDEN KEY RENT CAR L.L.C.,2,5,2400.0,104349,26080,KIA SPORTAGE 
"[{'ReservationKey': 0, 'CarKey': 104365, 'CustomerName': 'Running Contract, 15856', 'CustomerMobile': None, 'ReservationStatus': 0, 'ReservationDateTime': None, 'FromDateTime': '8/1/2024 5:31:00 PM', 'ToDateTime': '8/4/2024 5:31:00 PM', 'DayRentValue': 0.0, 'Documents': None}]",100.0,,DUBAI ,DUBAI ,4,2024,56837,2760,-1,0.0,630.0,4,2,97142885205,GOLDEN KEY RENT CAR L.L.C.,2,5,2400.0,104365,30156,KIA SPORTAGE 
,100.0,,DUBAI ,DUBAI ,4,2023,74356,2760,-1,0.0,630.0,4,2,97142885205,GOLDEN KEY RENT CAR L.L.C.,2,5,2400.0,127261,25894,LAMBORGHINI HURACAN EVO SPIDER
"[{'ReservationKey': 0, 'CarKey': 98490, 'CustomerName': 'Running Contract, 15834', 'CustomerMobile': None, 'ReservationStatus': 0, 'ReservationDateTime': None, 'FromDateTime': '8/1/2024 3:29:00 AM', 'ToDateTime': '8/4/2024 3:29:00 AM', 'DayRentValue': 0.0, 'Documents': None}]",100.0,,DUBAI ,DUBAI ,4,2022,50538,2760,-1,0.0,630.0,4,2,97142885205,GOLDEN KEY RENT CAR L.L.C.,2,5,2400.0,98490,23363,LAMBORGHINI HURRACAN  EVO SPYDER
"[{'ReservationKey': 0, 'CarKey': 73091, 'CustomerName': 'Running Contract, 15863', 'CustomerMobile': None, 'ReservationStatus': 0, 'ReservationDateTime': None, 'FromDateTime': '8/1/2024 9:23:00 PM', 'ToDateTime': '8/2/2024 9:23:00 PM', 'DayRentValue': 0.0, 'Documents': None}]",100.0,,DUBAI ,DUBAI ,4,2022,4871,2760,-1,0.0,0.0,4,2,97142885205,GOLDEN KEY RENT CAR L.L.C.,2,5,0.0,73091,78640,LAMBORGHINI URUS CAPSULE
,100.0,,DUBAI ,DUBAI ,4,2022,90905,2760,-1,0.0,630.0,4,2,97142885205,GOLDEN KEY RENT CAR L.L.C.,2,5,2400.0,132395,53659,LAMBORGHINI URUS MY20
"[{'ReservationKey': 0, 'CarKey': 69467, 'CustomerName': 'Running Contract, 15638', 'CustomerMobile': None, 'ReservationStatus': 0, 'ReservationDateTime': None, 'FromDateTime': '7/22/2024 6:38:00 PM', 'ToDateTime': '8/21/2024 6:38:00 PM', 'DayRentValue': 0.0, 'Documents': None}]",100.0,,DUBAI ,DUBAI ,4,2022,2937,2760,-1,0.0,630.0,4,2,97142885205,GOLDEN KEY RENT CAR L.L.C.,2,5,2400.0,69467,63075,LAND ROVER DEFENDER 
"[{'ReservationKey': 0, 'CarKey': 86075, 'CustomerName': 'Running Contract, 1001538', 'CustomerMobile': None, 'ReservationStatus': 0, 'ReservationDateTime': None, 'FromDateTime': '7/5/2024 8:10:00 PM', 'ToDateTime': '7/31/2024 8:10:00 PM', 'DayRentValue': 0.0, 'Documents': None}]",100.0,,DUBAI ,DUBAI ,4,2023,58504,2760,-1,0.0,630.0,4,2,97142885205,GOLDEN KEY RENT CAR L.L.C.,2,5,2400.0,86075,41383,LEXUS IS 300
"[{'ReservationKey': 0, 'CarKey': 93474, 'CustomerName': 'Running Contract, 15815', 'CustomerMobile': None, 'ReservationStatus': 0, 'ReservationDateTime': None, 'FromDateTime': '7/31/2024 10:00:00 AM', 'ToDateTime': '8/4/2024 10:00:00 AM', 'DayRentValue': 0.0, 'Documents': None}]",100.0,,DUBAI ,DUBAI ,4,2023,15529,2760,-1,0.0,630.0,4,2,97142885205,GOLDEN KEY RENT CAR L.L.C.,2,5,2400.0,93474,52395,LEXUS LX 600
,100.0,,DUBAI ,DUBAI ,4,2019,59319,2760,-1,0.0,630.0,4,2,97142885205,GOLDEN KEY RENT CAR L.L.C.,2,5,2400.0,10383,125532,MERCEDES A220
,100.0,,DUBAI ,DUBAI ,4,2022,87514,2760,-1,0.0,630.0,4,2,97142885205,GOLDEN KEY RENT CAR L.L.C.,2,5,2400.0,76350,0,MERCEDES C 200 
"[{'ReservationKey': 0, 'CarKey': 2909, 'CustomerName': 'Running Contract, 15795', 'CustomerMobile': None, 'ReservationStatus': 0, 'ReservationDateTime': None, 'FromDateTime': '7/31/2024 5:10:00 AM', 'ToDateTime': '8/3/2024 5:10:00 AM', 'DayRentValue': 0.0, 'Documents': None}]",100.0,,DUBAI ,DUBAI ,4,2020,68522,2760,-1,0.0,630.0,4,2,97142885205,GOLDEN KEY RENT CAR L.L.C.,2,5,2400.0,2909,103389,MERCEDES C CONV.
"[{'ReservationKey': 0, 'CarKey': 68406, 'CustomerName': 'Running Contract, 15808', 'CustomerMobile': None, 'ReservationStatus': 0, 'ReservationDateTime': None, 'FromDateTime': '7/31/2024 2:44:00 PM', 'ToDateTime': '8/7/2024 2:44:00 PM', 'DayRentValue': 0.0, 'Documents': None}]",100.0,,DUBAI ,DUBAI ,4,2022,58395,2760,-1,0.0,630.0,4,2,97142885205,GOLDEN KEY RENT CAR L.L.C.,2,5,2400.0,68406,52772,MERCEDES C200
,100.0,,DUBAI ,DUBAI ,4,2022,65964,2760,-1,0.0,630.0,4,2,97142885205,GOLDEN KEY RENT CAR L.L.C.,2,5,2400.0,79216,48387,MERCEDES C300
"[{'ReservationKey': 0, 'CarKey': 68387, 'CustomerName': 'Running Contract, 14750', 'CustomerMobile': None, 'ReservationStatus': 0, 'ReservationDateTime': None, 'FromDateTime': '6/16/2024 6:10:07 PM', 'ToDateTime': '6/17/2024 6:10:07 PM', 'DayRentValue': 0.0, 'Documents': None}]",100.0,,DUBAI ,DUBAI ,4,2020,76946,2760,-1,0.0,630.0,4,2,97142885205,GOLDEN KEY RENT CAR L.L.C.,2,5,2400.0,68387,64695,MERCEDES E-CLASS
"[{'ReservationKey': 0, 'CarKey': 113393, 'CustomerName': 'Running Contract, 1001518', 'CustomerMobile': None, 'ReservationStatus': 0, 'ReservationDateTime': None, 'FromDateTime': '6/29/2024 2:30:00 PM', 'ToDateTime': '7/29/2024 2:30:00 PM', 'DayRentValue': 0.0, 'Documents': None}]",100.0,,DUBAI ,DUBAI ,4,2023,6563,2760,-1,0.0,630.0,4,2,97142885205,GOLDEN KEY RENT CAR L.L.C.,2,5,2400.0,113393,23938,MERCEDES G CLASS 63
,100.0,,DUBAI ,DUBAI ,4,2022,67614,2760,-1,0.0,630.0,4,2,97142885205,GOLDEN KEY RENT CAR L.L.C.,2,5,2400.0,67518,47436,MINI COOPER
,100.0,,DUBAI ,DUBAI ,4,2023,82086,2760,-1,0.0,630.0,4,2,97142885205,GOLDEN KEY RENT CAR L.L.C.,2,5,2400.0,93170,27342,MINI COOPER 
,100.0,,DUBAI ,DUBAI ,4,2022,34562,2760,-1,0.0,630.0,4,2,97142885205,GOLDEN KEY RENT CAR L.L.C.,2,5,2400.0,128882,35777,MINI COOPER COUPE
"[{'ReservationKey': 0, 'CarKey': 126454, 'CustomerName': 'Running Contract, 15794', 'CustomerMobile': None, 'ReservationStatus': 0, 'ReservationDateTime': None, 'FromDateTime': '7/31/2024 2:51:00 AM', 'ToDateTime': '8/5/2024 2:51:00 AM', 'DayRentValue': 0.0, 'Documents': None}]",100.0,,DUBAI ,DUBAI ,4,2024,75107,2760,-1,0.0,630.0,4,2,97142885205,GOLDEN KEY RENT CAR L.L.C.,2,5,2400.0,126454,11375,MINI COOPER S
"[{'ReservationKey': 0, 'CarKey': 109933, 'CustomerName': 'Running Contract, 1001513', 'CustomerMobile': None, 'ReservationStatus': 0, 'ReservationDateTime': None, 'FromDateTime': '7/1/2024 12:13:00 PM', 'ToDateTime': '8/14/2024 12:13:00 PM', 'DayRentValue': 0.0, 'Documents': None}]",100.0,,DUBAI ,DUBAI ,4,2023,16983,2760,-1,0.0,630.0,4,2,97142885205,GOLDEN KEY RENT CAR L.L.C.,2,5,2400.0,109933,13498,MITSUBISHI ATTRAGE
"[{'ReservationKey': 0, 'CarKey': 111166, 'CustomerName': 'Running Contract, 14313', 'CustomerMobile': None, 'ReservationStatus': 0, 'ReservationDateTime': None, 'FromDateTime': '6/1/2024 11:26:00 AM', 'ToDateTime': '6/15/2024 11:26:00 AM', 'DayRentValue': 0.0, 'Documents': None}]",100.0,,DUBAI ,DUBAI ,4,2023,18732,2760,-1,0.0,630.0,4,2,97142885205,GOLDEN KEY RENT CAR L.L.C.,2,5,2400.0,111166,22804,MITSUBISHI ATTRAGE
"[{'ReservationKey': 0, 'CarKey': 109817, 'CustomerName': 'Running Contract, 15841', 'CustomerMobile': None, 'ReservationStatus': 0, 'ReservationDateTime': None, 'FromDateTime': '8/1/2024 12:28:00 PM', 'ToDateTime': '8/26/2024 12:28:00 PM', 'DayRentValue': 0.0, 'Documents': None}]",100.0,,DUBAI ,DUBAI ,4,2023,24798,2760,-1,0.0,630.0,4,2,97142885205,GOLDEN KEY RENT CAR L.L.C.,2,5,2400.0,109817,24767,MITSUBISHI ATTRAGE 
"[{'ReservationKey': 0, 'CarKey': 94918, 'CustomerName': 'Running Contract, 1000838', 'CustomerMobile': None, 'ReservationStatus': 0, 'ReservationDateTime': None, 'FromDateTime': '7/11/2023 6:39:38 PM', 'ToDateTime': '7/11/2023 6:39:38 PM', 'DayRentValue': 0.0, 'Documents': None}]",0.0,,DUBAI ,DUBAI ,4,2023,70861,2760,-1,0.0,0.0,4,2,97142885205,GOLDEN KEY RENT CAR L.L.C.,2,5,0.0,94918,46835,MITSUBISHI ATTRAGE 1
"[{'ReservationKey': 0, 'CarKey': 98416, 'CustomerName': 'Running Contract, 2000008', 'CustomerMobile': None, 'ReservationStatus': 0, 'ReservationDateTime': None, 'FromDateTime': '9/8/2023 9:28:00 AM', 'ToDateTime': '9/8/2023 9:28:00 AM', 'DayRentValue': 0.0, 'Documents': None}]",130.0,,DUBAI ,DUBAI ,4,2023,71523,2760,-1,0.0,0.0,4,2,97142885205,GOLDEN KEY RENT CAR L.L.C.,2,5,0.0,98416,10870,MITSUBISHI ATTRAGE 1
,100.0,,DUBAI ,DUBAI ,4,2022,45229,2760,-1,0.0,630.0,4,2,97142885205,GOLDEN KEY RENT CAR L.L.C.,2,5,2400.0,69041,40723,NISSAN PATROL  SE PLATINUM
,100.0,,DUBAI ,DUBAI ,4,2022,45230,2760,-1,0.0,630.0,4,2,97142885205,GOLDEN KEY RENT CAR L.L.C.,2,5,2400.0,69044,54557,NISSAN PATROL  SE PLATINUM 
"[{'ReservationKey': 0, 'CarKey': 69043, 'CustomerName': 'Running Contract, 15810', 'CustomerMobile': None, 'ReservationStatus': 0, 'ReservationDateTime': None, 'FromDateTime': '7/31/2024 3:12:00 PM', 'ToDateTime': '8/3/2024 3:12:00 PM', 'DayRentValue': 0.0, 'Documents': None}]",100.0,,DUBAI ,DUBAI ,4,2022,45231,2760,-1,0.0,630.0,4,2,97142885205,GOLDEN KEY RENT CAR L.L.C.,2,5,2400.0,69043,57270,NISSAN PATROL  SE PLATINUM 
"[{'ReservationKey': 0, 'CarKey': 69045, 'CustomerName': 'Running Contract, 15753', 'CustomerMobile': None, 'ReservationStatus': 0, 'ReservationDateTime': None, 'FromDateTime': '7/28/2024 7:54:00 PM', 'ToDateTime': '8/3/2024 7:54:00 PM', 'DayRentValue': 0.0, 'Documents': None}]",100.0,,DUBAI ,DUBAI ,4,2022,45232,2760,-1,0.0,630.0,4,2,97142885205,GOLDEN KEY RENT CAR L.L.C.,2,5,2400.0,69045,49191,NISSAN PATROL  SE PLATINUM 
,100.0,,DUBAI ,DUBAI ,4,2022,45233,2760,-1,0.0,630.0,4,2,97142885205,GOLDEN KEY RENT CAR L.L.C.,2,5,2400.0,69056,45040,NISSAN PATROL  SE PLATINUM 
"[{'ReservationKey': 0, 'CarKey': 69057, 'CustomerName': 'Running Contract, 13977', 'CustomerMobile': None, 'ReservationStatus': 0, 'ReservationDateTime': None, 'FromDateTime': '5/20/2024 4:54:00 PM', 'ToDateTime': '6/9/2024 4:54:00 PM', 'DayRentValue': 0.0, 'Documents': None}]",100.0,,DUBAI ,DUBAI ,4,2022,45234,2760,-1,0.0,630.0,4,2,97142885205,GOLDEN KEY RENT CAR L.L.C.,2,5,2400.0,69057,39103,NISSAN PATROL  SE PLATINUM 
"[{'ReservationKey': 0, 'CarKey': 135178, 'CustomerName': 'Running Contract, 15803', 'CustomerMobile': None, 'ReservationStatus': 0, 'ReservationDateTime': None, 'FromDateTime': '7/31/2024 12:30:00 PM', 'ToDateTime': '8/3/2024 12:30:00 PM', 'DayRentValue': 0.0, 'Documents': None}]",100.0,,DUBAI ,DUBAI ,4,2024,21620,2760,-1,0.0,630.0,4,2,97142885205,GOLDEN KEY RENT CAR L.L.C.,2,5,2400.0,135178,5085,PORSCHE 718 BOXTER
,100.0,,DUBAI ,DUBAI ,4,2023,91139,2760,-1,0.0,630.0,4,2,97142885205,GOLDEN KEY RENT CAR L.L.C.,2,5,2400.0,98653,41633,PORSCHE 911 CARRERA 4 GTS CONV.
"[{'ReservationKey': 0, 'CarKey': 116860, 'CustomerName': 'Running Contract, 15860', 'CustomerMobile': None, 'ReservationStatus': 0, 'ReservationDateTime': None, 'FromDateTime': '8/1/2024 6:55:00 PM', 'ToDateTime': '8/4/2024 6:55:00 PM', 'DayRentValue': 0.0, 'Documents': None}]",100.0,,DUBAI ,DUBAI ,4,2024,49911,2760,-1,0.0,630.0,4,2,97142885205,GOLDEN KEY RENT CAR L.L.C.,2,5,2400.0,116860,15243,PORSCHE TARGA 
"[{'ReservationKey': 0, 'CarKey': 11677, 'CustomerName': 'Running Contract, 15855', 'CustomerMobile': None, 'ReservationStatus': 0, 'ReservationDateTime': None, 'FromDateTime': '8/1/2024 5:48:00 PM', 'ToDateTime': '8/2/2024 5:48:00 PM', 'DayRentValue': 0.0, 'Documents': None}]",800.0,,DUBAI ,DUBAI ,4,2021,41154,2760,-1,0.0,0.0,4,2,97142885205,GOLDEN KEY RENT CAR L.L.C.,2,5,0.0,11677,89243,RANGE ROVER SPORT
"[{'ReservationKey': 0, 'CarKey': 93394, 'CustomerName': 'Running Contract, 15792', 'CustomerMobile': None, 'ReservationStatus': 0, 'ReservationDateTime': None, 'FromDateTime': '7/31/2024 1:52:00 AM', 'ToDateTime': '8/4/2024 1:52:00 AM', 'DayRentValue': 0.0, 'Documents': None}]",100.0,,DUBAI ,DUBAI ,4,2021,35920,2760,-1,0.0,630.0,4,2,97142885205,GOLDEN KEY RENT CAR L.L.C.,2,5,2400.0,93394,45431,RANGE ROVER VELAR
"[{'ReservationKey': 0, 'CarKey': 91175, 'CustomerName': 'Running Contract, 15802', 'CustomerMobile': None, 'ReservationStatus': 0, 'ReservationDateTime': None, 'FromDateTime': '7/31/2024 12:25:00 PM', 'ToDateTime': '8/3/2024 12:25:00 PM', 'DayRentValue': 0.0, 'Documents': None}]",100.0,,DUBAI ,DUBAI ,4,2022,19947,2760,-1,0.0,630.0,4,2,97142885205,GOLDEN KEY RENT CAR L.L.C.,2,5,2400.0,91175,39092,RANGE ROVER VELAR 
"[{'ReservationKey': 0, 'CarKey': 87420, 'CustomerName': 'Running Contract, 15786', 'CustomerMobile': None, 'ReservationStatus': 0, 'ReservationDateTime': None, 'FromDateTime': '7/30/2024 7:55:00 PM', 'ToDateTime': '8/3/2024 7:55:00 PM', 'DayRentValue': 0.0, 'Documents': None}]",100.0,,DUBAI ,DUBAI ,4,2023,77467,2760,-1,0.0,630.0,4,2,97142885205,GOLDEN KEY RENT CAR L.L.C.,2,5,2400.0,87420,55145,RANGE ROVER VOGUE
"[{'ReservationKey': 0, 'CarKey': 86073, 'CustomerName': 'Running Contract, 15796', 'CustomerMobile': None, 'ReservationStatus': 0, 'ReservationDateTime': None, 'FromDateTime': '7/31/2024 8:26:00 AM', 'ToDateTime': '8/3/2024 8:26:00 AM', 'DayRentValue': 0.0, 'Documents': None}]",100.0,,DUBAI ,DUBAI ,4,2023,58507,2760,-1,0.0,630.0,4,2,97142885205,GOLDEN KEY RENT CAR L.L.C.,2,5,2400.0,86073,54713,TOYOTA CAMRY
"[{'ReservationKey': 0, 'CarKey': 86074, 'CustomerName': 'Running Contract, 15606', 'CustomerMobile': None, 'ReservationStatus': 0, 'ReservationDateTime': None, 'FromDateTime': '7/21/2024 12:32:00 AM', 'ToDateTime': '8/4/2024 12:32:00 AM', 'DayRentValue': 0.0, 'Documents': None}]",100.0,,DUBAI ,DUBAI ,4,2023,58508,2760,-1,0.0,630.0,4,2,97142885205,GOLDEN KEY RENT CAR L.L.C.,2,5,2400.0,86074,45682,TOYOTA CAMRY
"[{'ReservationKey': 0, 'CarKey': 89695, 'CustomerName': 'Running Contract, 15603', 'CustomerMobile': None, 'ReservationStatus': 0, 'ReservationDateTime': None, 'FromDateTime': '7/20/2024 10:13:00 PM', 'ToDateTime': '8/2/2024 10:13:00 PM', 'DayRentValue': 0.0, 'Documents': None}]",100.0,,DUBAI ,DUBAI ,4,2023,85933,2760,-1,0.0,630.0,4,2,97142885205,GOLDEN KEY RENT CAR L.L.C.,2,5,2400.0,89695,52086,TOYOTA CAMRY
,100.0,,DUBAI ,DUBAI ,4,2023,85936,2760,-1,0.0,630.0,4,2,97142885205,GOLDEN KEY RENT CAR L.L.C.,2,5,2400.0,89696,41898,TOYOTA CAMRY
"[{'ReservationKey': 0, 'CarKey': 89693, 'CustomerName': 'Running Contract, 15733', 'CustomerMobile': None, 'ReservationStatus': 0, 'ReservationDateTime': None, 'FromDateTime': '7/27/2024 2:15:00 PM', 'ToDateTime': '8/4/2024 2:15:00 PM', 'DayRentValue': 0.0, 'Documents': None}]",100.0,,DUBAI ,DUBAI ,4,2023,85937,2760,-1,0.0,630.0,4,2,97142885205,GOLDEN KEY RENT CAR L.L.C.,2,5,2400.0,89693,47627,TOYOTA CAMRY
"[{'ReservationKey': 0, 'CarKey': 93469, 'CustomerName': 'Running Contract, 15238', 'CustomerMobile': None, 'ReservationStatus': 0, 'ReservationDateTime': None, 'FromDateTime': '7/4/2024 6:18:00 PM', 'ToDateTime': '8/3/2024 6:18:00 PM', 'DayRentValue': 0.0, 'Documents': None}]",100.0,,DUBAI ,DUBAI ,4,2023,14306,2760,-1,0.0,630.0,4,2,97142885205,GOLDEN KEY RENT CAR L.L.C.,2,5,2400.0,93469,41086,TOYOTA CAMRY 
"[{'ReservationKey': 0, 'CarKey': 93470, 'CustomerName': 'Running Contract, 15851', 'CustomerMobile': None, 'ReservationStatus': 0, 'ReservationDateTime': None, 'FromDateTime': '8/1/2024 4:01:00 PM', 'ToDateTime': '8/5/2024 4:01:00 PM', 'DayRentValue': 0.0, 'Documents': None}]",100.0,,DUBAI ,DUBAI ,4,2023,14716,2760,-1,0.0,630.0,4,2,97142885205,GOLDEN KEY RENT CAR L.L.C.,2,5,2400.0,93470,45348,TOYOTA CAMRY 
"[{'ReservationKey': 0, 'CarKey': 93468, 'CustomerName': 'Running Contract, 15775', 'CustomerMobile': None, 'ReservationStatus': 0, 'ReservationDateTime': None, 'FromDateTime': '7/30/2024 10:47:00 AM', 'ToDateTime': '8/2/2024 10:47:00 AM', 'DayRentValue': 0.0, 'Documents': None}]",100.0,,DUBAI ,DUBAI ,4,2023,14784,2760,-1,0.0,630.0,4,2,97142885205,GOLDEN KEY RENT CAR L.L.C.,2,5,2400.0,93468,45035,TOYOTA CAMRY 
"[{'ReservationKey': 0, 'CarKey': 93471, 'CustomerName': 'Running Contract, 15624', 'CustomerMobile': None, 'ReservationStatus': 0, 'ReservationDateTime': None, 'FromDateTime': '7/21/2024 8:01:00 PM', 'ToDateTime': '8/4/2024 8:01:00 PM', 'DayRentValue': 0.0, 'Documents': None}]",100.0,,DUBAI ,DUBAI ,4,2023,15524,2760,-1,0.0,630.0,4,2,97142885205,GOLDEN KEY RENT CAR L.L.C.,2,5,2400.0,93471,41701,TOYOTA CAMRY 
"[{'ReservationKey': 0, 'CarKey': 93472, 'CustomerName': 'Running Contract, 15511', 'CustomerMobile': None, 'ReservationStatus': 0, 'ReservationDateTime': None, 'FromDateTime': '7/16/2024 5:18:00 PM', 'ToDateTime': '7/28/2024 5:18:00 PM', 'DayRentValue': 0.0, 'Documents': None}]",100.0,,DUBAI ,DUBAI ,4,2023,15963,2760,-1,0.0,630.0,4,2,97142885205,GOLDEN KEY RENT CAR L.L.C.,2,5,2400.0,93472,46244,TOYOTA CAMRY 
"[{'ReservationKey': 0, 'CarKey': 93473, 'CustomerName': 'Running Contract, 15823', 'CustomerMobile': None, 'ReservationStatus': 0, 'ReservationDateTime': None, 'FromDateTime': '7/31/2024 9:04:00 PM', 'ToDateTime': '8/3/2024 9:04:00 PM', 'DayRentValue': 0.0, 'Documents': None}]",100.0,,DUBAI ,DUBAI ,4,2023,14303,2760,-1,0.0,630.0,4,2,97142885205,GOLDEN KEY RENT CAR L.L.C.,2,5,2400.0,93473,42478,TOYOTA LAND CRUSER 
"[{'ReservationKey': 0, 'CarKey': 89699, 'CustomerName': 'Running Contract, 15869', 'CustomerMobile': None, 'ReservationStatus': 0, 'ReservationDateTime': None, 'FromDateTime': '8/2/2024 3:25:00 AM', 'ToDateTime': '8/10/2024 3:25:00 AM', 'DayRentValue': 0.0, 'Documents': None}]",100.0,,DUBAI ,DUBAI ,4,2023,85930,2760,-1,0.0,630.0,4,2,97142885205,GOLDEN KEY RENT CAR L.L.C.,2,5,2400.0,89699,38499,TOYOTA YARIS
"[{'ReservationKey': 0, 'CarKey': 89698, 'CustomerName': 'Running Contract, 15734', 'CustomerMobile': None, 'ReservationStatus': 0, 'ReservationDateTime': None, 'FromDateTime': '7/27/2024 3:25:00 PM', 'ToDateTime': '8/25/2024 3:25:00 PM', 'DayRentValue': 0.0, 'Documents': None}]",100.0,,DUBAI ,DUBAI ,4,2023,85934,2760,-1,0.0,630.0,4,2,97142885205,GOLDEN KEY RENT CAR L.L.C.,2,5,2400.0,89698,33517,TOYOTA YARIS
"[{'ReservationKey': 0, 'CarKey': 89697, 'CustomerName': 'Running Contract, 1001501', 'CustomerMobile': None, 'ReservationStatus': 0, 'ReservationDateTime': None, 'FromDateTime': '6/28/2024 7:00:00 PM', 'ToDateTime': '10/6/2024 7:00:00 PM', 'DayRentValue': 0.0, 'Documents': None}]",100.0,,DUBAI ,DUBAI ,4,2023,85935,2760,-1,0.0,630.0,4,2,97142885205,GOLDEN KEY RENT CAR L.L.C.,2,5,2400.0,89697,61486,TOYOTA YARIS WHITE
